,Name,Price,Installment,Location,URL
1,APPLE iPhone 14 Pro Max 1TB - Deep Purple,32999000,2749917,JakartaUtara,https://www.bhinneka.com//apple-iphone-14-pro-max-1tb-deep-purple-sku3339334417
2,APPLE iPhone 14 Pro Max 1TB - Silver,32999000,2749917,JakartaUtara,https://www.bhinneka.com//apple-iphone-14-pro-max-1tb-silver-sku3339334223
3,APPLE iPhone 14 Pro Max 1TB - Space Black,32999000,2749917,JakartaUtara,https://www.bhinneka.com//apple-iphone-14-pro-max-1tb-space-black-sku3339334126
4,APPLE iPhone 14 Pro Max 1TB - Gold,32999000,2749917,JakartaUtara,https://www.bhinneka.com//apple-iphone-14-pro-max-1tb-gold-sku3339334320
5,APPLE iPhone 14 Pro 1TB - Silver,30999000,2583250,JakartaUtara,https://www.bhinneka.com//apple-iphone-14-pro-1tb-silver-sku3339332671
6,APPLE iPhone 14 Pro 1TB - Gold,30999000,2583250,JakartaUtara,https://www.bhinneka.com//apple-iphone-14-pro-1tb-gold-sku3339332768
7,APPLE iPhone 14 Pro 1TB - Space Black,30999000,2583250,JakartaUtara,https://www.bhinneka.com//apple-iphone-14-pro-1tb-space-black-sku3339332574
8,APPLE iPhone 14 Pro 1TB - Deep Purple,30999000,2583250,JakartaUtara,https://www.bhinneka.com//apple-iphone-14-pro-1tb-deep-purple-sku3339332865
9,APPLE iPhone 14 Pro Max 512GB - Gold,28999000,2416583,JakartaUtara,https://www.bhinneka.com//apple-iphone-14-pro-max-512gb-gold-sku3339333932
10,APPLE iPhone 14 Pro Max 512GB - Deep Purple,28999000,2416583,JakartaUtara,https://www.bhinneka.com//apple-iphone-14-pro-max-512gb-deep-purple-sku3339334029
11,APPLE iPhone 14 Pro Max 256GB - Deep Purple,28800000,2400000,JakartaUtara,https://www.bhinneka.com//apple-iphone-14-pro-max-256gb-deep-purple-sku3339333641
12,APPLE iPhone 13 Pro Max 512GB - Gold,27299000,2274917,JakartaUtara,https://www.bhinneka.com//apple-iphone-13-pro-max-512gb-gold-sku3337972925
13,APPLE iPhone 14 Pro 512GB - Deep Purple,26999000,2249917,JakartaUtara,https://www.bhinneka.com//apple-iphone-14-pro-512gb-deep-purple-sku3339332477
14,APPLE iPhone 14 Pro 512GB - Gold,26999000,2249917,JakartaUtara,https://www.bhinneka.com//apple-iphone-14-pro-512gb-gold-sku3339332380
15,APPLE iPhone 14 Pro 512GB - Space Black,26999000,2249917,JakartaUtara,https://www.bhinneka.com//apple-iphone-14-pro-512gb-space-black-sku3339332186
16,APPLE iPhone 14 Pro 512GB - Silver,26999000,2249917,JakartaUtara,https://www.bhinneka.com//apple-iphone-14-pro-512gb-silver-sku3339332283
17,APPLE iPhone 15 Pro 512GB -  Blue Titanium,26899000,2241583,JakartaUtara,https://www.bhinneka.com//apple-iphone-15-pro-512gb-blue-titanium-sku3340542843
18,APPLE iPhone 13 Pro 512GB - Graphite,25299000,2108250,JakartaUtara,https://www.bhinneka.com//apple-iphone-13-pro-512gb-graphite-sku3337968172
19,APPLE iPhone 14 Pro Max 256GB - Gold,24999000,2083250,JakartaUtara,https://www.bhinneka.com//apple-iphone-14-pro-max-256gb-gold-sku3339333544
20,APPLE iPhone 14 Pro Max 256GB - Space Black,24999000,2083250,JakartaUtara,https://www.bhinneka.com//apple-iphone-14-pro-max-256gb-space-black-sku3339333350
21,APPLE iPhone 14 Plus 512GB - Red,24999000,2083250,JakartaUtara,https://www.bhinneka.com//apple-iphone-14-plus-512gb-red-sku3339331216
22,APPLE iPhone 14 Plus 512GB - Purple,24999000,2083250,JakartaUtara,https://www.bhinneka.com//apple-iphone-14-plus-512gb-purple-sku3339330925
23,APPLE iPhone 14 Pro Max 256GB - Silver,24999000,2083250,JakartaUtara,https://www.bhinneka.com//apple-iphone-14-pro-max-256gb-silver-sku3339333447
24,APPLE iPhone 14 Plus 512GB - Starlight,24999000,2083250,JakartaUtara,https://www.bhinneka.com//apple-iphone-14-plus-512gb-starlight-sku3339331022
25,APPLE iPhone 14 Plus 512GB - Midnight,24999000,2083250,JakartaUtara,https://www.bhinneka.com//apple-iphone-14-plus-512gb-midnight-sku3339330828
26,APPLE iPhone 14 Plus 512GB - Blue,24999000,2083250,JakartaUtara,https://www.bhinneka.com//apple-iphone-14-plus-512gb-blue-sku3339331119
27,APPLE iPhone 15 Pro  256GB -  Blue Titanium,23999000,1999917,JakartaUtara,https://www.bhinneka.com//apple-iphone-15-pro-256gb-blue-titanium-sku3340538284
28,APPLE iPhone 13 Pro Max 256GB - Graphite,23299000,1941583,JakartaUtara,https://www.bhinneka.com//apple-iphone-13-pro-max-256gb-graphite-sku3337971567
29,APPLE iPhone 13 Pro Max 256GB - Sierra Blue,23299000,1941583,JakartaUtara,https://www.bhinneka.com//apple-iphone-13-pro-max-256gb-sierra-blue-sku3337970888
30,APPLE iPhone 13 Pro Max 256GB - Silver,23299000,1941583,JakartaUtara,https://www.bhinneka.com//apple-iphone-13-pro-max-256gb-silver-sku3337971664
31,APPLE iPhone 14 512GB - Starlight,22999000,1916583,JakartaUtara,https://www.bhinneka.com//apple-iphone-14-512gb-starlight-sku3339329567
32,APPLE iPhone 14 Pro 256GB - Gold,22999000,1916583,JakartaUtara,https://www.bhinneka.com//apple-iphone-14-pro-256gb-gold-sku3339331992
33,APPLE iPhone 14 512GB - Purple,22999000,1916583,JakartaUtara,https://www.bhinneka.com//apple-iphone-14-512gb-purple-sku3339329470
34,APPLE iPhone 14 512GB - Red,22999000,1916583,JakartaUtara,https://www.bhinneka.com//apple-iphone-14-512gb-red-sku3339329761
35,APPLE iPhone 14 Pro 256GB - Deep Purple,22999000,1916583,JakartaUtara,https://www.bhinneka.com//apple-iphone-14-pro-256gb-deep-purple-sku3339332089
36,APPLE iPhone 14 Pro 256GB - Silver,22999000,1916583,JakartaUtara,https://www.bhinneka.com//apple-iphone-14-pro-256gb-silver-sku3339331895
37,APPLE iPhone 14 Pro 256GB - Space Black,22999000,1916583,JakartaUtara,https://www.bhinneka.com//apple-iphone-14-pro-256gb-space-black-sku3339331701
38,APPLE iPhone 14 512GB - Blue,22999000,1916583,JakartaUtara,https://www.bhinneka.com//apple-iphone-14-512gb-blue-sku3339329664
39,APPLE iPhone 15 Pro  256GB -  Natural Titanium,22899000,1908250,JakartaUtara,https://www.bhinneka.com//apple-iphone-15-pro-256gb-natural-titanium-sku3340537896
40,APPLE iPhone 14 Pro Max 128GB - Space Black,21999000,1833250,JakartaUtara,https://www.bhinneka.com//apple-iphone-14-pro-max-128gb-space-black-sku3339332962
41,APPLE iPhone 14 Pro Max 128GB - Silver,21999000,1833250,JakartaUtara,https://www.bhinneka.com//apple-iphone-14-pro-max-128gb-silver-sku3339333059
42,APPLE iPhone 14 Pro Max 128GB - Deep Purple,21999000,1833250,JakartaUtara,https://www.bhinneka.com//apple-iphone-14-pro-max-128gb-deep-purple-sku3339333253
43,APPLE iPhone 14 Pro Max 128GB - Gold,21999000,1833250,JakartaUtara,https://www.bhinneka.com//apple-iphone-14-pro-max-128gb-gold-sku3339333156
44,APPLE iPhone 14 Pro 128GB - Silver,21999000,1833250,JakartaUtara,https://www.bhinneka.com//apple-iphone-14-pro-128gb-silver-sku3339331410
45,APPLE iPhone 13 512GB - Green,21199000,1766583,JakartaUtara,https://www.bhinneka.com//apple-iphone-13-512gb-green-sku3338538241
46,APPLE iPhone 14 Plus 256GB - Midnight,20999000,1749917,JakartaUtara,https://www.bhinneka.com//apple-iphone-14-plus-256gb-midnight-sku3339330343
47,APPLE iPhone 14 Plus 256GB - Red,20999000,1749917,JakartaUtara,https://www.bhinneka.com//apple-iphone-14-plus-256gb-red-sku3339330731
48,APPLE iPhone 14 Plus 256GB - Purple,20999000,1749917,JakartaUtara,https://www.bhinneka.com//apple-iphone-14-plus-256gb-purple-sku3339330440
49,APPLE iPhone 14 Plus 256GB - Starlight,20999000,1749917,JakartaUtara,https://www.bhinneka.com//apple-iphone-14-plus-256gb-starlight-sku3339330537
50,APPLE iPhone 14 Plus 256GB - Blue,20999000,1749917,JakartaUtara,https://www.bhinneka.com//apple-iphone-14-plus-256gb-blue-sku3339330634
51,APPLE iPhone 15 Pro 128GB - Black Titanium,20999000,1749917,JakartaUtara,https://www.bhinneka.com//apple-iphone-15-pro-128gb-black-titanium-sku3340538478
52,APPLE iPhone 13 Pro Max 128GB - Gold,20199000,1683250,JakartaUtara,https://www.bhinneka.com//apple-iphone-13-pro-max-128gb-gold-sku3337967396
53,APPLE iPhone 13 Pro Max 128GB - Graphite,20199000,1683250,JakartaUtara,https://www.bhinneka.com//apple-iphone-13-pro-max-128gb-graphite-sku3337967105
54,APPLE iPhone 13 Pro Max 128GB - Silver,20199000,1683250,JakartaUtara,https://www.bhinneka.com//apple-iphone-13-pro-max-128gb-silver-sku3337967202
55,APPLE iPhone 13 Pro Max 128GB - Sierra Blue,20199000,1683250,JakartaUtara,https://www.bhinneka.com//apple-iphone-13-pro-max-128gb-sierra-blue-sku3337967493
56,APPLE iPhone 14 Pro 128GB - Space Black,19999000,1666583,JakartaUtara,https://www.bhinneka.com//apple-iphone-14-pro-128gb-space-black-sku3339331313
57,APPLE iPhone 14 Pro 128GB - Gold,19999000,1666583,JakartaUtara,https://www.bhinneka.com//apple-iphone-14-pro-128gb-gold-sku3339331507
58,APPLE iPhone 14 Pro 128GB - Deep Purple,19999000,1666583,JakartaUtara,https://www.bhinneka.com//apple-iphone-14-pro-128gb-deep-purple-sku3339331604
59,APPLE iPhone 14 512GB - Midnight,19899000,1658250,JakartaUtara,https://www.bhinneka.com//apple-iphone-14-512gb-midnight-sku3339329373
60,APPLE iPhone 14 256GB - Midnight,18999000,1583250,JakartaUtara,https://www.bhinneka.com//apple-iphone-14-256gb-midnight-sku3339328888
61,APPLE iPhone 14 256GB - Blue,18999000,1583250,JakartaUtara,https://www.bhinneka.com//apple-iphone-14-256gb-blue-sku3339329179
62,APPLE iPhone 14 256GB - Purple,18999000,1583250,JakartaUtara,https://www.bhinneka.com//apple-iphone-14-256gb-purple-sku3339328985
63,APPLE iPhone 14 256GB - Starlight,18999000,1583250,JakartaUtara,https://www.bhinneka.com//apple-iphone-14-256gb-starlight-sku3339329082
64,APPLE iPhone 14 256GB - Red,18999000,1583250,JakartaUtara,https://www.bhinneka.com//apple-iphone-14-256gb-red-sku3339329276
65,APPLE iPhone 13 Pro 128GB - Graphite,18699000,1558250,JakartaUtara,https://www.bhinneka.com//apple-iphone-13-pro-128gb-graphite-sku3337962352
66,APPLE iPhone 14 Plus 128GB - Starlight,17999000,1499917,JakartaUtara,https://www.bhinneka.com//apple-iphone-14-plus-128gb-starlight-sku3339330052
67,APPLE iPhone 14 Plus 128GB - Blue,17999000,1499917,JakartaUtara,https://www.bhinneka.com//apple-iphone-14-plus-128gb-blue-sku3339330149
68,APPLE iPhone 14 Plus 128GB - Red,17999000,1499917,JakartaUtara,https://www.bhinneka.com//apple-iphone-14-plus-128gb-red-sku3339330246
69,APPLE iPhone 14 Plus 128GB - Purple,17999000,1499917,JakartaUtara,https://www.bhinneka.com//apple-iphone-14-plus-128gb-purple-sku3339329955
70,APPLE iPhone 13 256GB - Blue,17699000,1474917,JakartaUtara,https://www.bhinneka.com//apple-iphone-13-256gb-blue-sku3337964874
71,APPLE iPhone 13 256GB - Starlight,17699000,1474917,JakartaUtara,https://www.bhinneka.com//apple-iphone-13-256gb-starlight-sku3337964583
72,APPLE iPhone 15 128GB - Black,16499000,1374917,JakartaUtara,https://www.bhinneka.com//apple-iphone-15-128gb-black-sku3340543425
73,APPLE iPhone 14 128GB - Red,15999000,1333250,JakartaUtara,https://www.bhinneka.com//apple-iphone-14-128gb-red-sku3339328791
74,APPLE iPhone 14 128GB - Midnight,15999000,1333250,JakartaUtara,https://www.bhinneka.com//apple-iphone-14-128gb-midnight-sku3339328306
75,APPLE iPhone 14 128GB - Blue,15999000,1333250,JakartaUtara,https://www.bhinneka.com//apple-iphone-14-128gb-blue-sku3339328694
76,APPLE iPhone 14 128GB - Starlight,15999000,1333250,JakartaUtara,https://www.bhinneka.com//apple-iphone-14-128gb-starlight-sku3339328500
77,APPLE iPhone 14 128GB - Purple,15999000,1333250,JakartaUtara,https://www.bhinneka.com//apple-iphone-14-128gb-purple-sku3339328403
78,APPLE iPhone 13 128GB - Midnight,13700000,1141667,JakartaUtara,https://www.bhinneka.com//apple-iphone-13-128gb-midnight-sku3337963904
79,APPLE iPhone X Leather Folio [MQRV2FE/A] - Black,2204000,183667,JakartaUtara,https://www.bhinneka.com//apple-iphone-x-leather-folio-mqrv2fe-a-black-sku3319569503
80,APPLE iPhone 13 Pro Max Leather Case with MagSafe [MM1R3FE/A] - Midnight,1412000,117667,JakartaUtara,https://www.bhinneka.com//apple-iphone-13-pro-max-leather-case-with-magsafe-mm1r3fe-a-midnight-sku3337995429
81,APPLE iPhone 13 Pro Leather Case with MagSafe [MM1H3FE/A] - Midnight,1412000,117667,JakartaUtara,https://www.bhinneka.com//apple-iphone-13-pro-leather-case-with-magsafe-mm1h3fe-a-midnight-sku3337997272
82,APPLE iPhone 13 mini Leather Case with MagSafe [MM0M3FE/A] - Midnight,1412000,117667,JakartaUtara,https://www.bhinneka.com//apple-iphone-13-mini-leather-case-with-magsafe-mm0m3fe-a-midnight-sku3338000958
83,APPLE iPhone 13 mini Leather Case with MagSafe [MM0G3FE/A] - Dark Cherry,1412000,117667,JakartaUtara,https://www.bhinneka.com//apple-iphone-13-mini-leather-case-with-magsafe-mm0g3fe-a-dark-cherry-sku3338000667
84,APPLE iPhone 13 Pro Leather Case with MagSafe [MM1F3FE/A] - Wisteria,1412000,117667,JakartaUtara,https://www.bhinneka.com//apple-iphone-13-pro-leather-case-with-magsafe-mm1f3fe-a-wisteria-sku3337997078
85,APPLE iPhone 13 Pro Leather Case with MagSafe [MM1A3FE/A] - Dark Cherry,1412000,117667,JakartaUtara,https://www.bhinneka.com//apple-iphone-13-pro-leather-case-with-magsafe-mm1a3fe-a-dark-cherry-sku3337996981
86,APPLE iPhone 13 Pro Leather Case with MagSafe [MM193FE/A] - Golden Brown,1412000,117667,JakartaUtara,https://www.bhinneka.com//apple-iphone-13-pro-leather-case-with-magsafe-mm193fe-a-golden-brown-sku3337996884
87,APPLE iPhone 13 mini Leather Case with MagSafe [MM0D3FE/A] - Golden Brown,1412000,117667,JakartaUtara,https://www.bhinneka.com//apple-iphone-13-mini-leather-case-with-magsafe-mm0d3fe-a-golden-brown-sku3338000570
88,APPLE iPhone 13 Pro Max Leather Case with MagSafe [MM1P3FE/A] - Wisteria,1412000,117667,JakartaUtara,https://www.bhinneka.com//apple-iphone-13-pro-max-leather-case-with-magsafe-mm1p3fe-a-wisteria-sku3337995235
89,APPLE iPhone 13 Pro Max Leather Case with MagSafe [MM1L3FE/A] - Golden Brown,1412000,117667,JakartaUtara,https://www.bhinneka.com//apple-iphone-13-pro-max-leather-case-with-magsafe-mm1l3fe-a-golden-brown-sku3337995041
90,APPLE iPhone 13 Leather Case with MagSafe [MM183FE/A] - Midnight,1412000,117667,JakartaUtara,https://www.bhinneka.com//apple-iphone-13-leather-case-with-magsafe-mm183fe-a-midnight-sku3337996108
91,APPLE iPhone 13 Leather Case with MagSafe [MM173FE/A] - Sequoia Green,1412000,117667,JakartaUtara,https://www.bhinneka.com//apple-iphone-13-leather-case-with-magsafe-mm173fe-a-sequoia-green-sku3337996011
92,APPLE iPhone 13 Pro Max Leather Case with MagSafe [MM1M3FE/A] - Dark Cherry,1412000,117667,JakartaUtara,https://www.bhinneka.com//apple-iphone-13-pro-max-leather-case-with-magsafe-mm1m3fe-a-dark-cherry-sku3337995138
93,APPLE iPhone 13 Pro Max Leather Case with MagSafe [MM1Q3FE/A] - Sequoia Green,1412000,117667,JakartaUtara,https://www.bhinneka.com//apple-iphone-13-pro-max-leather-case-with-magsafe-mm1q3fe-a-sequoia-green-sku3337995332
94,APPLE iPhone 13 Leather Case with MagSafe [MM143FE/A] - Dark Cherry,1412000,117667,JakartaUtara,https://www.bhinneka.com//apple-iphone-13-leather-case-with-magsafe-mm143fe-a-dark-cherry-sku3337995817
95,APPLE iPhone 13 Leather Case with MagSafe [MM103FE/A] - Golden Brown,1412000,117667,JakartaUtara,https://www.bhinneka.com//apple-iphone-13-leather-case-with-magsafe-mm103fe-a-golden-brown-sku3337995720
96,APPLE iPhone 13 Pro Leather Case with MagSafe [MM1G3FE/A] - Sequoia Green,1412000,117667,JakartaUtara,https://www.bhinneka.com//apple-iphone-13-pro-leather-case-with-magsafe-mm1g3fe-a-sequoia-green-sku3337997175
97,APPLE iPhone 13 mini Leather Case with MagSafe [MM0H3FE/A] - Wisteria,1412000,117667,JakartaUtara,https://www.bhinneka.com//apple-iphone-13-mini-leather-case-with-magsafe-mm0h3fe-a-wisteria-sku3338000764
98,APPLE iPhone 13 mini Leather Case with MagSafe [MM0J3FE/A] - Sequoia Green,1412000,117667,JakartaUtara,https://www.bhinneka.com//apple-iphone-13-mini-leather-case-with-magsafe-mm0j3fe-a-sequoia-green-sku3338000861
99,APPLE iPhone Leather Wallet with MagSafe [MM0W3FE/A] - Wisteria,1311000,109250,JakartaUtara,https://www.bhinneka.com//apple-iphone-leather-wallet-with-magsafe-mm0w3fe-a-wisteria-sku3338000182
100,APPLE iPhone Leather Wallet with MagSafe [MM0T3FE/A] - Dark Cherry,1311000,109250,JakartaUtara,https://www.bhinneka.com//apple-iphone-leather-wallet-with-magsafe-mm0t3fe-a-dark-cherry-sku3337999891
101,APPLE iPhone Leather Wallet with MagSafe [MM0Q3FE/A] - Golden Brown,1311000,109250,JakartaUtara,https://www.bhinneka.com//apple-iphone-leather-wallet-with-magsafe-mm0q3fe-a-golden-brown-sku3337999794
102,APPLE iPhone Leather Wallet with MagSafe [MM0Y3FE/A] - Midnight,1311000,109250,JakartaUtara,https://www.bhinneka.com//apple-iphone-leather-wallet-with-magsafe-mm0y3fe-a-midnight-sku3338000085
103,APPLE iPhone Leather Wallet with MagSafe [MM0X3FE/A] - Sequoia Green,1311000,109250,JakartaUtara,https://www.bhinneka.com//apple-iphone-leather-wallet-with-magsafe-mm0x3fe-a-sequoia-green-sku3337999988
104,APPLE iPhone 13 Silicone Case with MagSafe [MM253FE/A] - pink pomelo,1109000,92417,JakartaUtara,https://www.bhinneka.com//apple-iphone-13-silicone-case-with-magsafe-mm253fe-a-pink-pomelo-sku3338003286
105,APPLE iPhone 13 Silicone Case with MagSafe [MM273FE/A] - blue jay,1109000,92417,JakartaUtara,https://www.bhinneka.com//apple-iphone-13-silicone-case-with-magsafe-mm273fe-a-blue-jay-sku3338001152
106,APPLE iPhone 13 Pro Max Silicone Case with MagSafe [MM2R3FE/A] - Chalk Pink,1109000,92417,JakartaUtara,https://www.bhinneka.com//apple-iphone-13-pro-max-silicone-case-with-magsafe-mm2r3fe-a-chalk-pink-sku3338002510
107,APPLE iPhone 13 Pro Max Silicone Case with MagSafe [MM2V3FE/A] - Red,1109000,92417,JakartaUtara,https://www.bhinneka.com//apple-iphone-13-pro-max-silicone-case-with-magsafe-mm2v3fe-a-red-sku3338002801
108,APPLE iPhone 13 mini Silicone Case with MagSafe [MM233FE/A] - Red,1109000,92417,JakartaUtara,https://www.bhinneka.com//apple-iphone-13-mini-silicone-case-with-magsafe-mm233fe-a-red-sku3338002025
109,APPLE iPhone 13 mini Silicone Case with MagSafe [MM1U3FE/A] - Marigold,1109000,92417,JakartaUtara,https://www.bhinneka.com//apple-iphone-13-mini-silicone-case-with-magsafe-mm1u3fe-a-marigold-sku3338001346
110,APPLE iPhone 13 mini Silicone Case with MagSafe [MM203FE/A] - Chalk Pink,1109000,92417,JakartaUtara,https://www.bhinneka.com//apple-iphone-13-mini-silicone-case-with-magsafe-mm203fe-a-chalk-pink-sku3338001734
111,APPLE iPhone 13 mini Silicone Case with MagSafe [MM1V3FE/A] - Pink Pomelo,1109000,92417,JakartaUtara,https://www.bhinneka.com//apple-iphone-13-mini-silicone-case-with-magsafe-mm1v3fe-a-pink-pomelo-sku3338001443
112,APPLE iPhone 13 mini Clear Case with MagSafe [MM2W3FE/A],1109000,92417,JakartaUtara,https://www.bhinneka.com//apple-iphone-13-mini-clear-case-with-magsafe-mm2w3fe-a-sku3338004353
113,APPLE iPhone 13 Pro Max Clear Case with MagSafe [MM313FE/A],1109000,92417,JakartaUtara,https://www.bhinneka.com//apple-iphone-13-pro-max-clear-case-with-magsafe-mm313fe-a-sku3338004644
114,APPLE iPhone 13 Pro Max Silicone Case with MagSafe [MM2P3FE/A] - Clover,1109000,92417,JakartaUtara,https://www.bhinneka.com//apple-iphone-13-pro-max-silicone-case-with-magsafe-mm2p3fe-a-clover-sku3338002316
115,APPLE iPhone 13 Pro Max Silicone Case with MagSafe [MM2T3FE/A] - Abyss Blue,1109000,92417,JakartaUtara,https://www.bhinneka.com//apple-iphone-13-pro-max-silicone-case-with-magsafe-mm2t3fe-a-abyss-blue-sku3338002607
116,APPLE iPhone 13 Pro Max Silicone Case with MagSafe [MM2U3FE/A] - Midnight,1109000,92417,JakartaUtara,https://www.bhinneka.com//apple-iphone-13-pro-max-silicone-case-with-magsafe-mm2u3fe-a-midnight-sku3338002704
117,APPLE iPhone 13 Silicone Case with MagSafe [MM243FE/A] - marigold,1109000,92417,JakartaUtara,https://www.bhinneka.com//apple-iphone-13-silicone-case-with-magsafe-mm243fe-a-marigold-sku3338003189
118,APPLE iPhone 13 Silicone Case with MagSafe [MM283FE/A] - Chalk Pink,1109000,92417,JakartaUtara,https://www.bhinneka.com//apple-iphone-13-silicone-case-with-magsafe-mm283fe-a-chalk-pink-sku3337997563
119,APPLE iPhone 13 Silicone Case with MagSafe [MM2C3FE/A] - red,1109000,92417,JakartaUtara,https://www.bhinneka.com//apple-iphone-13-silicone-case-with-magsafe-mm2c3fe-a-red-sku3337998727
120,APPLE iPhone 13 Silicone Case with MagSafe [MM263FE/A] - clover,1109000,92417,JakartaUtara,https://www.bhinneka.com//apple-iphone-13-silicone-case-with-magsafe-mm263fe-a-clover-sku3338001055
